{
  "coverage": 0.9569444444444445,
  "avg_width": 1288.6139861111112,
  "winkler": 1788.5484305555551
}